Index,"Region, subregion, country or area",Note,"Country
code",1950,1955,1960,1965,1970,1975,1980,1985,1990,1995,2000,2005,2010,2015,2020,2025,2030,2035,2040,2045,2050
1,WORLD,,900,29.6065300727334,31.6353576906647,33.7544932274375,35.587250752778,36.594705586032,37.7198358190135,39.3458749965633,41.1987886829064,42.9610276902093,44.7799129182461,46.6770423228887,49.1566419393057,51.6639947068582,53.927846492807,56.1734831845412,58.3297287746679,60.4272893324217,62.4763262559096,64.4737431803098,66.4184093498649,68.3573201320018
2,More developed regions,a,901,54.7678855037533,57.9272897078538,61.0925724018348,64.0597220772461,66.8022854072365,68.8442341566058,70.2887919227552,71.3887553110698,72.3519862534934,73.2986060029083,74.2441341066989,75.8618319791739,77.2454129272756,78.1266909373453,79.0717960516551,80.1608127440733,81.3760538499912,82.6876077620054,84.0413220817776,85.3569599886422,86.5880493517991
3,Less developed regions,b,902,17.6958790515716,19.7096719104244,21.9070630838037,23.9762620066418,25.2694352359272,26.9390144031902,29.4027780446296,32.2335372666883,34.9037010320656,37.4865536823716,40.0530160097894,43.0932154943517,46.1430179713685,48.980517213988,51.7200073478594,54.2783398599401,56.7058182227512,59.0313899524089,61.2651801840954,63.4219108068175,65.5646102642519
4,Least developed countries,c,941,7.53845752485867,8.52959536273387,9.65970585397501,11.0554710764684,12.8453988468398,14.530163584974,17.1347244784961,19.2571237115679,21.5020660904963,23.3948392574896,25.0170784351014,27.1335725262927,29.4551836248421,31.9821040149574,34.6409591804481,37.4444125442121,40.3635579847844,43.3598781628302,46.3823013925962,49.4232457349653,52.4724881522775
5,"Less developed regions, excluding least developed countries",d,934,18.995441849567,21.1332989754217,23.479235358624,25.6454786300892,26.8777569513489,28.5445680797075,31.0213465036541,33.9865650485758,36.7674928099542,39.5519759781274,42.3832416111973,45.7224817483671,49.0490125642577,52.1238910423479,55.0842562607657,57.8212157346287,60.384496998964,62.8041663134072,65.0935402870436,67.263692244543,69.3916907376527
6,"Less developed regions, excluding China",,948,20.330469948797,22.2888552634094,24.2910743161964,26.3630354017935,28.5522334404296,30.9109238059162,33.3561442247626,35.6864238577234,37.8811135149842,39.607985943857,41.2286361682781,43.0124886395513,44.929233189582,46.8185136807247,48.7860341098615,50.8581054462345,53.0667274070969,55.3937167397267,57.7954738581043,60.2299583492959,62.6613054916323
7,High-income countries,e,1503,58.505642413147,61.1431315238443,63.7617793140584,66.2506882581985,68.6809363057596,70.4481100857766,71.847419072838,73.1141687226539,74.4268633434815,75.6733705012494,76.7989626466246,78.5943741501528,80.0478005603508,80.94610387148,81.8518274917924,82.8448324667189,83.9173274476114,85.0497487455846,86.2078287230756,87.3378061276849,88.3939365585151
8,Middle-income countries,e,1517,19.8926843494072,22.1659216697037,24.5471630397449,26.6764468407662,27.8311793025793,29.3622255179501,31.6565220218451,34.2704304412567,36.7148295505406,39.141756437806,41.6428125470616,44.7210596246824,47.8604777083789,50.8297536906172,53.735090680156,56.4621987399869,59.0467649647946,61.5128413623695,63.8647655019146,66.1120664402253,68.3227684938597
9,Upper-middle-income countries,e,1502,22.0755839695304,25.0777192222528,28.4046821218538,31.2635344306468,32.1903063032375,33.5909074524557,36.2780461806876,39.7915879770095,42.9144869601138,46.4404783646849,50.2600856325874,55.0215043739038,59.7618511966454,64.1181834164542,68.2004750087783,71.7475629945065,74.7611007537106,77.2752895405966,79.3363810138689,81.0178671810661,82.5631794407573
10,Lower-middle-income countries,e,1501,17.2107393624667,18.5604060081586,19.8522607789298,21.1718465406143,22.589011815042,24.3348052033521,26.3472902934981,28.1617414304648,30.0243565794753,31.590803428298,33.1446154087688,35.0240330014585,37.1160607633811,39.2484654334432,41.5984377993293,44.1756098491069,46.9500212568044,49.8866633367616,52.920345703463,55.9888345694864,59.0308173604987
11,Low-income countries,e,1500,9.31563174080871,10.3879247174202,11.9019496992448,13.4683042067808,15.6617155436872,17.4743780440968,19.107085721508,20.8850016543754,22.7641139321827,24.349608575032,25.6772133309613,27.1567492545409,28.9075435932955,30.9313603534316,33.1739484967754,35.6538892067876,38.3422966287061,41.1955511145647,44.1561162702572,47.1665818988534,50.2123020400424
12,Sub-Saharan Africa,f,947,11.1024192951611,12.8505865701885,14.8944198043183,16.5150586549867,18.3002794072476,20.416871962755,22.5936391361804,24.8972372204777,27.4739347383213,29.5699874299639,31.416784608773,33.7011036854497,36.1489168998443,38.7756124602741,41.4495586215257,44.1892374167713,46.9681770464154,49.7504535163423,52.5176987258172,55.2865143246131,58.0506553746309
13,AFRICA,,903,14.2821355168558,16.3070977472886,18.5901844991579,20.5750756827054,22.5502405482389,24.6947749752012,26.7943088922557,29.0743566723469,31.5350911920349,33.4509389734807,34.9815929968634,36.878156196996,38.9335812484378,41.1540083777797,43.451733808575,45.8629594578714,48.3707461130248,50.9478568807788,53.5714225433831,56.2370218941792,58.9074820385409
14,Eastern Africa,,910,5.74706911897366,6.67450587046013,7.73830831690147,9.0657639907508,10.6559320175966,12.4638017261527,14.5598722983884,16.199446620526,18.0475264389626,19.7279006342392,21.044651435433,22.5163906181598,24.3534794443804,26.5598879217412,28.9700193914092,31.623186604914,34.4915398307803,37.5282449813015,40.6603826016375,43.8455330353081,47.0896452263856
15,Burundi,,108,1.731,1.896,2.077,2.294,2.845,3.525,4.339,5.221,6.271,7.211,8.246,9.375,10.642,12.078,13.708,15.544,17.598,19.859,22.324,25,27.881
16,Comoros,,174,6.601,9.15,12.551,16.978,19.39,21.239,23.215,25.469,27.869,28.301,28.08,27.875,27.973,28.47,29.38,30.722,32.523,34.551,36.636,38.773,40.954
17,Djibouti,,262,39.81,45.011,50.325,56.109,61.777,67.142,72.096,74.925,75.957,76.3,76.532,76.761,76.999,77.417,78.062,78.92,79.969,81.184,82.417,83.587,84.692
18,Eritrea,,232,7.1,8.351,9.799,11.466,12.678,13.511,14.39,15.757,18.905,22.514,26.587,31.099,35.175,38.206,41.347,44.557,47.786,50.964,54.056,57.119,60.129
19,Ethiopia,,231,4.6,5.444,6.433,7.587,8.588,9.46,10.41,11.453,12.621,13.827,14.74,15.7,17.319,19.428,21.695,24.173,26.856,29.724,32.74,35.84,39.051
20,Kenya,,404,5.59,6.419,7.362,8.605,10.295,12.914,15.583,16.079,16.748,18.263,19.892,21.675,23.571,25.658,27.995,30.588,33.427,36.479,39.664,42.942,46.283
21,Madagascar,,450,7.8,9.122,10.642,12.379,14.1,16.334,18.524,20.933,23.566,25.796,27.121,28.814,31.938,35.193,38.534,41.904,45.24,48.451,51.626,54.788,57.911
22,Malawi,,454,3.506,3.924,4.39,4.908,6.053,7.652,9.05,10.163,11.56,13.263,14.61,15.054,15.544,16.313,17.427,18.933,20.886,23.32,26.033,28.942,32.035
23,Mauritius,1,480,29.327,31.619,35.111,38.767,42.556,43.443,42.351,42.325,43.9,43.284,42.67,42.112,41.555,41,40.76,41.043,41.85,43.19,45.069,47.276,49.495
24,Mayotte,,175,8.52,11.881,16.333,22.033,25.146,27.544,30.08,32.999,36.057,41.458,47.731,50.232,48.954,46.989,45.751,45.334,45.735,46.957,48.966,51.175,53.379
25,Mozambique,,508,5.472,6.133,6.868,7.86,8.99,10.869,13.158,18.326,25,27.495,29.098,29.999,31.83,34.4,37.074,39.904,42.874,45.953,49.09,52.205,55.29
26,Réunion,,638,23.493,27.926,32.838,38.154,41.662,44.459,53.48,67.916,81.227,86.119,91.169,96.302,98.501,99.339,99.659,99.794,99.853,99.877,99.886,99.895,99.903
27,Rwanda,,646,2.114,2.345,2.6,2.882,3.194,3.998,4.721,5.057,5.416,9.837,14.926,16.912,16.934,17.004,17.432,18.289,19.619,21.485,23.931,26.681,29.624
28,Seychelles,,690,27.399,27.455,27.673,33.123,39.068,46.266,49.366,49.292,49.27,49.633,50.433,51.67,53.336,55.4,57.546,59.663,61.745,63.784,65.775,67.712,69.59
29,Somalia,,706,12.726,14.873,17.312,19.964,22.678,25.498,26.763,28.067,29.658,31.425,33.247,36.311,39.31,43.245,46.141,49.119,52.144,55.167,58.119,60.985,63.778
30,South Sudan,,728,8.865,8.806,8.748,8.69,8.633,8.576,8.519,9.844,13.276,15.873,16.504,17.154,17.86,18.852,20.199,21.943,24.131,26.779,29.684,32.764,35.999
31,Uganda,,800,2.82,3.532,4.417,5.509,6.664,7.04,7.534,9.152,11.076,12.846,14.786,16.96,19.383,22.06,24.954,28.012,31.193,34.438,37.666,40.866,44.148
32,United Republic of Tanzania,2,834,3.491,4.409,5.246,6.03,7.852,11.146,14.555,16.767,18.884,20.543,22.309,24.845,28.114,31.617,35.227,38.862,42.447,45.901,49.128,52.29,55.433
33,Zambia,,894,11.5,14.509,18.145,23.372,30.351,34.934,39.815,39.655,39.407,37.104,34.802,36.911,39.355,41.907,44.629,47.498,50.478,53.513,56.522,59.486,62.381
34,Zimbabwe,,716,10.644,11.59,12.608,14.62,17.362,19.873,22.371,25.414,28.988,31.732,33.758,34.11,33.196,32.385,32.242,32.853,34.238,36.426,39.403,42.643,45.947
35,Middle Africa,,911,13.9133934901206,15.6272923241709,17.5890139814687,19.5759312311463,21.9209507963724,25.1747324377281,28.0854596215633,30.9611783935081,34.0310122260937,36.9392464040249,39.7336844800295,42.5596312515649,45.1824940212475,47.8933227435205,50.6368306776405,53.4298193699786,56.242268096974,59.0272052828596,61.7495796883742,64.4041210465585,66.9923184885553
36,Angola,,24,7.576,8.902,10.435,12.504,14.957,19.128,24.298,30.338,37.144,44.169,50.087,56,59.783,63.446,66.825,69.86,72.546,74.889,76.89,78.691,80.388
37,Cameroon,,120,9.333,11.434,13.937,16.88,20.3,27.292,31.921,36.232,39.657,42.573,45.542,48.541,51.559,54.578,57.56,60.464,63.242,65.858,68.377,70.793,73.098
38,Central African Republic,,140,14.418,17.072,20.1,23.519,27.492,31.971,33.874,35.532,36.825,37.231,37.639,38.069,38.904,40.277,42.198,44.666,47.646,50.823,53.993,57.131,60.213
39,Chad,,148,4.5,5.495,6.695,8.406,11.568,15.566,18.787,19.779,20.811,21.473,21.637,21.801,21.985,22.515,23.52,25.038,27.117,29.798,32.824,36,39.303
40,Congo,,178,24.926,28.143,31.601,35.273,39.129,43.264,47.857,52.221,54.324,56.413,58.695,60.988,63.256,65.543,67.829,70.085,72.28,74.372,76.357,78.232,79.998
41,Democratic Republic of the Congo,,180,19.1,20.654,22.3,23.434,24.608,25.821,27.072,28.513,30.633,32.838,35.122,37.481,40.013,42.74,45.638,48.669,51.762,54.847,57.895,60.884,63.794
42,Equatorial Guinea,,226,15.463,20.355,25.537,26.502,26.954,27.41,27.872,29.94,34.745,40.494,49.092,57.74,65.94,70.616,73.1,75.29,77.207,78.874,80.31,81.589,82.803
43,Gabon,,266,11.4,14.135,17.398,23.775,32,42.971,54.682,62.402,69.143,74.797,78.879,82.452,85.533,88.118,90.092,91.568,92.663,93.462,94.033,94.522,94.974
44,Sao Tome and Principe,,678,13.49,14.735,16.073,21.833,29.518,31.639,33.482,38.049,43.648,48.631,53.424,59.165,64.952,70.174,74.354,77.593,80.032,81.8,83.053,84.185,85.255
45,Northern Africa,,912,25.9265056945264,28.6365267706073,31.4503742606975,34.491252651731,37.0309884884465,39.3914049857753,41.31529705082,43.5345296310193,45.7202679357791,47.3141585550075,48.3064765085678,49.3427398824552,50.4524414567869,51.3932695254933,52.4562410067823,53.7671487360065,55.3457805907129,57.2137486636688,59.3587058538775,61.7066254707035,64.0680175602619
46,Algeria,,12,22.213,26.149,30.51,37.643,39.5,40.33,43.542,47.968,52.085,55.997,59.919,63.83,67.54,70.848,73.733,76.212,78.308,80.049,81.63,83.111,84.496
47,Egypt,,818,31.928,34.837,37.864,39.686,41.477,43.291,43.858,43.938,43.478,42.814,42.797,43.027,43.019,42.785,42.783,43.444,44.773,46.769,49.415,52.508,55.608
48,Libya,,434,19.547,23.208,27.323,33.666,49.671,62.785,70.094,75.45,75.723,75.994,76.387,77.08,78.052,79.27,80.691,82.204,83.631,84.964,86.207,87.363,88.434
49,Morocco,,504,26.184,27.74,29.357,31.862,34.477,37.714,41.21,44.779,48.391,51.692,53.335,55.174,58.018,60.809,63.532,66.16,68.672,71.042,73.244,75.284,77.218
50,Sudan,,729,6.824,8.584,10.746,13.373,16.523,18.943,19.959,22.937,28.61,32.232,32.495,32.76,33.089,33.894,35.253,37.185,39.705,42.772,46.014,49.291,52.573
51,Tunisia,,788,32.293,35.244,37.511,39.724,43.482,47.588,50.569,53.839,57.946,61.474,63.432,65.237,66.657,68.056,69.568,71.22,72.985,74.827,76.702,78.516,80.226
52,Western Sahara,,732,31,31.095,31.19,36.185,42.092,59.458,75.688,82.281,84.089,85.522,85.775,86.023,86.268,86.51,86.829,87.273,87.831,88.488,89.226,89.985,90.696
53,Southern Africa,,913,37.6637856727479,39.763134460755,41.9805672216877,42.8737879062387,43.7307308992704,44.3069361684035,44.7635821535464,45.9557669490638,48.8398222821756,51.4353488407533,53.8496623546776,56.5343586055891,59.3619997853806,62.0596405476228,64.6322339844915,67.0903314387981,69.4106080256666,71.5735343007693,73.5596535366164,75.4231786933046,77.1928973745463
54,Botswana,,72,2.716,2.883,3.06,3.839,7.834,11.884,16.479,26.724,41.933,48.981,53.219,55.944,62.412,67.155,70.877,74.093,76.822,79.103,80.976,82.504,83.905
55,Lesotho,,426,1.75,2.049,3.512,6.366,8.608,10.822,11.45,11.752,13.967,16.955,19.548,22.249,24.798,26.908,29.028,31.39,34.001,36.85,39.908,43.097,46.351
56,Namibia,,516,13.408,15.526,17.909,20.035,22.292,23.651,25.066,26.366,27.656,29.813,32.373,36.632,41.616,46.9,52.033,56.681,60.762,64.233,67.077,69.492,71.807
57,South Africa,,710,42.23,44.413,46.619,47.248,47.809,48.109,48.425,49.372,52.037,54.486,56.891,59.536,62.218,64.828,67.354,69.773,72.065,74.209,76.184,78.045,79.798
58,Swaziland,,748,2.2,2.526,3.913,6.494,9.705,14.004,16.478,18.266,20.202,22.286,22.686,22.038,22.48,23.3,24.171,25.245,26.535,28.056,29.824,31.77,33.783
59,Western Africa,,914,9.27627578347212,11.673975049194,14.6493382371251,16.6150460150997,18.6609095485908,21.0988398516022,23.6397195904432,26.8544728967681,30.1877764904564,32.2509180137576,34.5425180497993,37.7854947086782,41.1406157395649,44.451007430899,47.6531998602649,50.7179034662116,53.6119070713409,56.3039576871767,58.8512932412095,61.3569043031239,63.8041872809574
60,Benin,,204,4.957,6.804,9.275,12.519,16.691,21.904,27.339,30.796,34.485,36.758,38.333,40.543,43.093,45.695,48.415,51.241,54.138,57.059,59.931,62.73,65.446
61,Burkina Faso,,854,3.837,4.247,4.7,5.198,5.746,6.347,8.805,12.334,13.815,15.131,17.844,21.537,24.633,27.53,30.607,33.817,37.115,40.444,43.721,46.932,50.171
62,Cabo Verde,,132,14.2,15.399,16.679,18.073,19.559,21.419,23.518,31.5,44.12,48.768,53.435,57.689,61.821,64.3,66.652,68.835,70.851,72.703,74.392,75.959,77.459
63,Côte d'Ivoire,,384,9.962,13.121,17.679,24.5,28.163,32.229,36.829,37.91,39.345,41.21,43.155,45.234,47.33,49.444,51.706,54.144,56.73,59.422,62.157,64.842,67.436
64,Gambia,,270,10.265,11.163,12.129,14.533,19.496,24.426,28.414,33.019,38.312,43.362,47.868,52.02,55.662,59.228,62.582,65.678,68.494,71.016,73.229,75.283,77.229
65,Ghana,,288,15.444,19.089,23.252,26.067,28.958,30.049,31.163,32.896,36.441,40.14,43.929,47.308,50.713,54.086,57.349,60.463,63.39,66.091,68.56,70.923,73.178
66,Guinea,,324,6.711,8.402,10.472,12.978,15.977,19.515,23.617,26.621,28.026,29.475,30.869,32.257,33.678,35.141,36.875,38.963,41.405,44.189,47.264,50.448,53.628
67,Guinea-Bissau,,624,10.014,11.688,13.6,14.349,15.132,15.95,17.804,23.704,30.83,34.371,36.243,38.157,40.111,42.123,44.196,46.322,48.489,50.683,52.88,55.066,57.232
68,Liberia,,430,12.97,15.592,18.632,22.108,26.025,30.382,35.167,42.373,55.422,45.96,44.331,46.051,47.813,49.82,52.089,54.596,57.3,60.123,62.913,65.62,68.229
69,Mali,,466,8.472,9.692,11.066,12.608,14.33,16.244,18.484,21.013,23.322,25.519,28.356,32.06,35.999,39.991,43.909,47.669,51.187,54.372,57.378,60.331,63.21
70,Mauritania,,478,3.102,4.638,6.88,10.09,14.564,20.569,27.371,34.994,39.323,38.705,38.091,42.111,46.588,51.089,55.327,59.201,62.662,65.68,68.238,70.604,72.864
71,Niger,,562,4.857,5.306,5.793,6.809,8.794,11.419,13.443,14.536,15.368,15.773,16.186,16.242,16.221,16.247,16.626,17.428,18.695,20.492,22.868,25.552,28.434
72,Nigeria,,566,9.35,12.055,15.41,16.551,17.76,19.78,21.97,25.635,29.68,32.205,34.84,39.074,43.48,47.838,51.958,55.762,59.189,62.184,64.856,67.441,69.923
73,Saint Helena,3,654,51.358,50.282,49.204,48.129,46.388,44.477,43.785,43.533,42.573,41.273,40.365,39.901,39.5,39.54,40.082,41.133,42.7,44.77,46.981,49.204,51.429
74,Senegal,,686,17.23,19.958,23,26.351,30,33.693,35.769,37.549,38.896,39.606,40.32,41.714,43.773,45.862,48.122,50.589,53.237,56.025,58.888,61.723,64.479
75,Sierra Leone,,694,12.56,14.796,17.352,20.379,23.969,27.729,29.819,31.997,33.252,34.429,35.626,36.919,38.856,40.829,42.923,45.268,47.849,50.638,53.587,56.589,59.55
76,Togo,,768,4.384,6.695,10.098,14.95,21.28,22.927,24.663,26.562,28.589,30.705,32.907,35.185,37.533,40.1,42.8,45.642,48.599,51.628,54.665,57.648,60.578
77,ASIA,,935,17.5343387892265,19.3136512054843,21.1807715621165,22.9052092421809,23.7198005782873,25.0061226944464,27.1304322708792,29.7713187357734,32.2720690843914,34.8356077932378,37.522338815865,41.1540796571031,44.7502373776977,47.9620477524271,51.0757610748435,53.9521688371375,56.6504188530328,59.2066994165585,61.6268976161654,63.9178333442194,66.180455402168
78,Eastern Asia,,906,17.8733513162337,20.2450247072413,22.9035665412364,25.0554814178662,25.0319633407148,25.5419445175912,27.5144803293708,30.7363427299503,33.8900808455335,37.7981030502744,42.0366656516093,48.3257581517691,54.4039096176788,59.7504760364959,64.8246493172897,69.1961026384345,72.825017399339,75.7471604513837,78.0236381145254,79.7639397089411,81.3557230359168
79,China,4,156,11.803,13.856,16.203,18.086,17.4,17.4,19.358,22.874,26.442,30.961,35.877,42.522,49.226,55.5,61.428,66.481,70.626,73.918,76.436,78.318,80.028
80,"China, Hong Kong SAR",5,344,85.2,85.2,85.2,86.422,87.729,89.695,91.478,92.92,99.517,100,100,100,100,100,100,100,100,100,100,100,100
81,"China, Macao SAR",6,446,96.89,96.169,95.289,96.177,97.032,97.891,98.519,99.377,99.763,99.91,100,100,100,100,100,100,100,100,100,100,100
82,"China, Taiwan Province of China",,158,26.842,29.074,31.412,33.857,36.484,39.784,48.718,57.73,66.257,68.381,69.866,72.292,74.687,76.916,78.942,80.77,82.406,83.858,85.149,86.35,87.469
83,Dem. People's Republic of Korea,,408,31,35.463,40.195,45.091,54.2,56.7,56.9,57.644,58.384,59.018,59.412,59.805,60.377,61.277,62.381,63.815,65.551,67.553,69.764,72.022,74.175
84,Japan,,392,53.402,58.421,63.272,67.866,71.877,75.716,76.175,76.712,77.339,78.016,78.649,85.978,90.812,91.381,91.782,92.226,92.704,93.207,93.724,94.236,94.71
85,Mongolia,,496,20,26.619,35.679,42.114,45.052,48.656,52.083,55.04,57.033,56.805,57.133,62.494,67.567,68.23,68.657,69.452,70.611,72.103,73.878,75.832,77.717
86,Republic of Korea,,410,21.354,24.392,27.71,32.351,40.704,48.033,56.72,64.876,73.844,78.239,79.621,81.345,81.936,81.634,81.414,81.555,82.049,82.873,83.982,85.249,86.442
87,South-Central Asia,7,921,16.5777165104522,17.4452492081929,18.2165487623296,19.3081635307489,20.4976953479466,22.2578401163808,24.3603396017102,25.9000792271896,27.2896333228115,28.4404900626789,29.6415942622821,31.2918388992805,33.088854951892,34.9790064603113,37.0785123518295,39.4256309706478,42.0243786006573,44.862765242704,47.8717873383732,50.9621114479797,54.0603983659146
88,Central Asia,,5500,32.6703514234697,35.8824427701458,38.9294269307702,40.9283973835174,42.8456521569473,44.3733860161791,45.2466419092586,45.4314956544015,45.2019012259922,45.2393936552296,45.6564375489218,46.7990905623731,47.9817301945437,48.113700013558,48.33493795536,49.1312966624368,50.5213101307799,52.4789210298707,54.9226692798546,57.6822017288796,60.4527834868923
89,Kazakhstan,,398,36.358,40.43,44.198,47.047,50.236,52.564,54.142,56.01,56.266,55.921,56.098,56.463,56.827,57.191,57.671,58.613,60.024,61.877,64.123,66.639,69.105
90,Kyrgyzstan,,417,26.481,30.587,34.181,35.851,37.466,38.186,38.627,38.377,37.777,36.349,35.298,35.29,35.306,35.777,36.856,38.557,40.894,43.853,47.077,50.325,53.571
91,Tajikistan,,762,29.378,31.242,33.168,35.152,36.876,35.536,34.289,33.235,31.658,28.877,26.501,26.51,26.52,26.742,27.506,28.836,30.769,33.342,36.434,39.666,42.991
92,Turkmenistan,,795,44.963,45.686,46.412,47.139,47.78,47.557,47.078,45.976,45.075,44.794,45.913,47.052,48.491,50.317,52.516,55.058,57.878,60.754,63.557,66.271,68.882
93,Uzbekistan,,860,28.872,31.592,33.978,35.289,36.714,39.087,40.782,40.722,41.365,43.731,46.126,48.537,50.956,50.75,50.416,50.747,51.768,53.468,55.817,58.669,61.534
94,Southern Asia,,5501,16.0085147770635,16.7474228373152,17.3651426364209,18.3604725612073,19.4932833964332,21.2685579412774,23.4428092161335,25.0583403835818,26.5314134448087,27.7604838148573,29.0291218067742,30.7164697972005,32.53731556919,34.4840714558387,36.6492112821065,39.0535646052657,41.6980571798319,44.5692144763858,47.5979219225358,50.6983993809517,53.8069587463814
95,Afghanistan,,4,6,7.107,8.401,9.904,11.643,13.641,15.995,18.997,21.177,21.624,22.078,22.703,23.737,24.803,26.026,27.613,29.589,31.978,34.788,37.923,41.174
96,Bangladesh,,50,4.282,4.687,5.135,6.211,7.593,9.836,14.851,17.496,19.811,21.693,23.59,26.809,30.462,34.308,38.177,41.982,45.634,49.038,52.178,55.288,58.356
97,Bhutan,,64,2.1,2.751,3.596,4.687,6.089,7.876,10.132,12.941,16.388,20.537,25.418,30.965,34.793,38.678,42.316,45.636,48.583,51.121,53.328,55.505,57.661
98,India,,356,17.042,17.582,17.924,18.785,19.76,21.332,23.098,24.348,25.547,26.607,27.667,29.235,30.93,32.777,34.926,37.383,40.142,43.172,46.369,49.603,52.841
99,Iran (Islamic Republic of),,364,27.549,30.554,33.735,37.068,41.212,45.747,49.693,53.395,56.33,60.236,64.042,67.558,70.626,73.358,75.874,78.128,80.129,81.889,83.424,84.755,85.984
100,Maldives,,462,10.612,10.889,11.173,11.458,11.893,17.304,22.25,25.491,25.84,25.638,27.706,33.75,36.434,38.529,40.669,42.845,45.046,47.261,49.471,51.675,53.873
101,Nepal,,524,2.677,3.053,3.48,3.737,3.956,4.83,6.091,7.386,8.854,10.883,13.397,15.149,16.768,18.557,20.576,22.838,25.35,28.099,31.036,34.136,37.378
102,Pakistan,,586,17.521,19.712,22.104,23.511,24.817,26.341,28.066,29.344,30.576,31.836,32.982,33.982,34.997,36.026,37.165,38.708,40.68,43.082,45.897,49.027,52.202
103,Sri Lanka,,144,15.327,15.647,16.431,17.11,17.598,18.097,18.607,18.613,18.535,18.458,18.38,18.303,18.226,18.256,18.713,19.641,21.085,23.111,25.72,28.579,31.621
104,South-Eastern Asia,,920,15.576719763887,17.0606529959103,18.5800954387994,19.9458816711972,21.4903775592626,23.2158135235702,25.4977008821272,28.3203949337211,31.4560165417685,34.5149474323661,37.8877441206997,41.0913860902247,44.3314615285148,47.1804537681251,49.9866569020216,52.7827371065199,55.5634482353415,58.3045389559489,60.9715156237521,63.5375968872892,66.0415874196797
105,Brunei Darussalam,,96,26.756,34.608,43.401,52.625,61.675,64.193,64.949,65.697,66.438,68.644,71.164,73.163,74.961,76.663,78.25,79.726,81.093,82.355,83.525,84.631,85.675
106,Cambodia,,116,10.2,10.242,10.285,10.83,15.97,4.477,9.898,13.931,15.546,17.311,18.586,19.174,20.294,22.188,24.232,26.51,29.034,31.798,34.78,37.913,41.153
107,Indonesia,,360,12.4,13.455,14.586,15.789,17.071,19.317,22.104,26.089,30.584,36.076,42.002,45.942,49.914,53.313,56.641,59.828,62.841,65.646,68.207,70.557,72.805
108,Lao People's Democratic Republic,,418,7.239,7.585,7.946,8.323,9.625,11.081,12.377,13.804,15.437,17.378,21.977,27.186,30.064,33.108,36.29,39.566,42.891,46.207,49.439,52.566,55.677
109,Malaysia,8,458,20.361,23.417,26.598,29.913,33.454,37.652,42.044,45.893,49.794,55.688,61.977,66.594,70.912,74.213,77.16,79.67,81.786,83.549,84.998,86.206,87.325
110,Myanmar,,104,16.158,17.616,19.226,20.971,22.83,23.922,23.973,24.381,25.243,26.124,27.025,27.946,28.885,29.858,31.141,32.846,34.99,37.587,40.615,43.848,47.134
111,Philippines,,608,27.135,28.702,30.297,31.604,32.979,35.56,37.456,42.235,46.986,46.56,46.135,45.71,45.332,46.284,47.408,48.958,50.924,53.285,55.999,58.912,61.777
112,Singapore,,702,99.445,100,100,100,100,100,100,100,100,100,100,100,100,100,100,100,100,100,100,100,100
113,Thailand,,764,16.479,18.041,19.672,20.221,20.889,23.758,26.791,28.095,29.424,30.276,31.386,37.411,43.856,47.694,51.43,55.024,58.42,61.574,64.447,67.018,69.463
114,Timor-Leste,,626,9.892,9.991,10.091,11.353,12.886,14.593,16.483,18.563,20.842,22.534,24.263,26.041,27.732,29.49,31.32,33.23,35.217,37.274,39.391,41.552,43.746
115,Viet Nam,,704,11.641,13.094,14.7,16.421,18.3,18.782,19.247,19.561,20.257,22.166,24.374,27.281,30.417,33.809,37.34,40.909,44.455,47.909,51.196,54.281,57.325
116,Western Asia,,922,28.8837890623665,32.5716662865763,36.3967094607128,40.3715717682525,44.7560361637794,48.9193516463498,52.0928639543077,57.4182434864625,61.1173892860974,62.426488308768,63.8309084537358,65.8237160755633,68.2446912929019,70.3708335989358,72.3362055516517,73.8223338100154,75.3733037769825,76.9455928527099,78.4855482451487,79.9818258375455,81.4300182257816
117,Armenia,,51,40.339,45.951,51.275,55.622,59.864,63.611,66.05,67.09,67.421,66.057,64.666,63.938,63.44,63.085,63.313,64.142,65.548,67.484,69.804,72.083,74.253
118,Azerbaijan,9,31,45.691,50.026,52.663,51.164,50.008,51.897,52.777,53.498,53.749,52.206,51.386,52.389,53.406,54.714,56.397,58.431,60.779,63.376,66,68.529,70.953
119,Bahrain,,48,64.4,75.528,82.32,82.5,83.775,84.975,86.101,87.155,88.14,88.388,88.372,88.422,88.634,88.999,89.506,90.133,90.828,91.484,92.096,92.668,93.202
120,Cyprus,10,196,28.384,32.334,35.628,38.188,40.761,47.277,58.614,64.678,66.776,68.038,68.648,68.268,67.551,66.946,66.821,67.198,68.067,69.407,71.12,72.828,74.472
121,Georgia,11,268,36.91,40.067,43.069,45.534,48.006,50.344,52.497,54.194,55.038,53.841,52.638,53.605,55.535,57.448,59.453,61.603,63.871,66.221,68.602,70.929,73.153
122,Iraq,,368,35.122,37.631,42.899,50.651,56.154,61.379,65.521,68.767,69.706,68.78,68.496,68.766,69.103,69.921,70.893,72.117,73.564,75.2,76.975,78.764,80.451
123,Israel,,376,71,71,76.848,80.94,84.195,86.643,88.583,89.828,90.359,90.866,91.203,91.518,91.826,92.179,92.587,93.039,93.525,94.033,94.522,94.973,95.389
124,Jordan,,400,37,43.233,50.879,54.262,55.971,57.65,60.029,66.996,73.291,78.207,78.27,79.485,86.088,90.256,91.418,92.385,93.187,93.851,94.399,94.859,95.282
125,Kuwait,,414,61.5,69.346,74.893,79.273,85.661,89.384,94.781,97.903,97.974,98.096,99,100,100,100,100,100,100,100,100,100,100
126,Lebanon,,422,32,36.303,42.343,50.935,59.475,66.978,73.672,79.422,83.12,84.82,86,86.627,87.334,88.106,88.925,89.774,90.604,91.374,92.086,92.744,93.352
127,Oman,,512,8.6,11.961,16.4,22.338,29.665,38.213,47.562,57.079,66.102,71.669,71.569,72.4,75.161,81.35,86.276,89.547,91.687,93.06,93.897,94.409,94.869
128,Qatar,,634,80.52,83.03,85.275,87.054,88.354,88.909,89.363,90.1,92.786,94.998,96.311,97.396,98.501,98.945,99.235,99.417,99.532,99.604,99.648,99.677,99.704
129,Saudi Arabia,,682,21.3,25.966,31.25,38.769,48.669,58.349,65.86,72.647,76.583,78.67,79.848,80.979,82.084,83.18,84.287,85.391,86.481,87.542,88.548,89.483,90.35
130,State of Palestine,12,275,37.3,40.627,44.044,48.898,54.298,59.6,62.388,65.095,67.709,70.216,71.969,73.061,74.149,75.368,76.719,78.176,79.707,81.267,82.757,84.152,85.454
131,Syrian Arab Republic,,760,32.698,34.723,36.807,40.006,43.345,45.061,46.708,47.891,48.931,50.104,51.947,53.782,55.6,52.168,55.475,58.673,61.722,64.589,67.24,69.651,71.94
132,Turkey,,792,24.774,28.553,31.515,34.227,38.234,41.586,43.78,52.448,59.203,62.123,64.741,67.84,70.825,73.611,76.105,78.312,80.247,81.923,83.369,84.704,85.951
133,United Arab Emirates,,784,54.5,64.572,73.5,77.723,79.8,79.8,80.71,79.804,79.051,78.319,80.236,82.262,84.087,85.674,87.048,88.23,89.242,90.116,90.925,91.673,92.364
134,Yemen,,887,5.8,7.279,9.1,11.026,13.3,14.844,16.534,18.373,20.931,23.76,26.267,28.936,31.776,34.777,37.908,41.125,44.356,47.562,50.79,54.012,57.201
135,EUROPE,,908,51.7106262889613,54.486661268739,57.3667852138711,60.332487395878,63.1347393929336,65.5254365842642,67.5734190634174,68.8600905254057,69.9273910314584,70.5062568189793,71.0567180662015,71.9484597620263,72.938037714777,73.8575733290145,74.8845162434211,76.0932405854936,77.4746042973468,78.9972808715219,80.6037320924394,82.186182174676,83.6718519207821
136,Eastern Europe,,923,39.7463212742748,44.4144644505529,48.8587659273419,52.846348977763,56.6172175092043,60.3747338227444,63.780193866394,66.186940768939,67.9772892811157,68.1541284439708,68.1937377887554,68.4587086752302,68.8935621086583,69.2756197176446,69.9148371715129,70.906715808,72.2324286691011,73.8648998406384,75.7264508566099,77.617402489936,79.4193030279685
137,Belarus,,112,26.234,28.853,32.401,38.127,44.01,50.614,56.498,61.833,65.981,67.926,69.973,72.354,74.672,77.181,79.483,81.509,83.275,84.805,86.119,87.245,88.28
138,Bulgaria,,100,27.583,32.213,37.1,45.755,52.3,57.562,62.1,64.59,66.377,67.782,68.899,70.584,72.302,73.99,75.686,77.373,79.029,80.635,82.16,83.591,84.927
139,Czechia,,203,54.18,56.884,59.548,62.016,64.402,69.917,75.167,75.365,75.22,74.643,73.988,73.602,73.255,73.477,74.061,74.935,76.073,77.442,78.999,80.633,82.178
140,Hungary,,348,53.023,54.435,55.911,58.022,60.112,62.231,64.191,65.095,65.838,65.209,64.575,66.365,68.911,70.5,71.942,73.498,75.142,76.844,78.57,80.248,81.825
141,Poland,,616,38.338,43.194,47.892,50.126,52.125,55.28,58.086,59.942,61.27,61.493,61.716,61.452,60.892,60.278,60.043,60.467,61.539,63.231,65.482,67.985,70.39
142,Republic of Moldova,13,498,18.5,20.66,23.424,27.566,32.068,36.222,40.387,44.176,46.762,46.294,44.589,42.775,42.62,42.49,42.849,43.852,45.501,47.793,50.688,53.8,56.884
143,Romania,,642,25.625,30.619,34.209,37.697,40.319,42.831,46.07,49.641,53.217,53.769,53.004,53.174,53.829,53.887,54.194,55.113,56.63,58.717,61.309,64.034,66.672
144,Russian Federation,,643,44.087,48.954,53.731,58.173,62.471,66.427,69.751,71.923,73.394,73.372,73.35,73.463,73.687,74.05,74.754,75.776,77.084,78.63,80.289,81.859,83.33
145,Slovakia,,703,30.012,31.712,33.464,37.043,41.057,46.257,51.638,54.176,56.491,56.537,56.233,55.563,54.685,53.889,53.76,54.347,55.639,57.614,60.207,62.983,65.676
146,Ukraine,14,804,35.5,41.373,46.792,50.649,54.831,58.389,61.693,64.681,66.757,66.951,67.145,67.79,68.596,69.061,69.608,70.487,71.691,73.186,74.926,76.816,78.632
147,Northern Europe,,924,69.7195523818596,70.5890487907894,71.5984868026913,72.7212268731433,73.8249361686754,75.1612726785781,76.3936501567891,76.813902668415,77.0567645024656,77.4835996926873,77.8820858606568,78.8908589781872,80.0746342521996,81.4208039528332,82.6428516903992,83.8412819912792,85.0120126144338,86.1446940979549,87.2290170284065,88.2561288934098,89.2151203407769
148,Channel Islands,15,830,41.38,40.033,38.7,37.385,36.088,34.183,32.209,31.832,31.392,30.522,30.465,30.743,31.054,30.962,30.963,31.371,32.194,33.448,35.152,37.223,39.359
149,Denmark,,208,67.983,69.619,73.687,77.048,79.737,82.146,83.723,84.351,84.843,84.979,85.1,85.856,86.795,87.526,88.116,88.759,89.446,90.164,90.901,91.634,92.319
150,Estonia,,233,49.67,53.623,57.533,61.348,64.947,67.589,69.711,70.767,71.231,70.3,69.368,68.735,68.094,68.416,69.229,70.235,71.421,72.769,74.259,75.824,77.329
151,Faeroe Islands,,234,17.365,18.599,21.383,25.553,27.951,30.326,31.186,30.766,30.594,34.071,36.337,39.781,40.926,41.638,42.398,43.437,44.77,46.399,48.32,50.491,52.692
152,Finland,16,246,43.004,49.133,55.29,59.658,63.704,67.831,71.727,75.808,79.367,80.963,82.183,82.905,83.77,85.225,85.517,85.978,86.598,87.356,88.227,89.162,90.045
153,Iceland,,352,72.8,76.76,80.3,82.72,84.9,86.669,88.26,89.57,90.75,91.63,92.401,93.037,93.574,93.7,93.898,94.147,94.44,94.769,95.126,95.486,95.821
154,Ireland,,372,40.088,43.708,45.184,46.233,51.276,53.634,55.333,56.275,56.929,57.949,59.155,60.477,61.542,62.538,63.653,65.065,66.751,68.675,70.786,72.968,75.052
155,Isle of Man,,833,52.93,54.028,55.123,56.305,55.831,52.403,51.784,51.765,51.746,51.783,51.823,51.905,51.994,52.245,52.898,53.951,55.397,57.225,59.319,61.395,63.43
156,Latvia,,428,46.425,49.51,52.867,56.832,60.713,64.157,67.095,68.56,69.25,68.75,68.067,68,67.841,67.98,68.315,68.972,69.94,71.199,72.722,74.361,75.934
157,Lithuania,,440,28.794,34.052,39.46,44.45,49.555,55.685,61.158,65.038,67.583,67.285,66.986,66.635,66.757,67.23,68.046,69.19,70.638,72.35,74.272,76.245,78.112
158,Norway,17,578,50.458,50.223,49.92,57.568,65.396,68.187,70.545,71.31,71.956,73.787,76.02,77.675,79.102,81.091,82.974,84.632,86.083,87.345,88.436,89.379,90.245
159,Sweden,,752,65.724,69.269,72.49,77.056,81.034,82.73,83.087,83.1,83.1,83.824,84.026,84.319,85.056,86.553,87.977,89.208,90.266,91.172,91.946,92.609,93.215
160,United Kingdom,,826,78.981,78.714,78.444,77.821,77.117,77.683,78.481,78.39,78.14,78.353,78.651,79.915,81.302,82.626,83.903,85.124,86.285,87.378,88.395,89.341,90.218
161,Southern Europe,,925,46.1705614532136,48.7135820560532,51.2596188163274,54.704049713622,58.302805819731,60.7043246271357,62.8069855747826,63.8187661406171,64.6221373835534,65.560994913887,66.429478498682,67.7642408153938,69.1618340635437,70.5963972746824,72.1477793512495,73.76526853368,75.4446115423617,77.1567037634146,78.8660306078561,80.5262123640352,82.0852738858885
162,Albania,,8,20.528,26.864,30.705,31.23,31.74,32.712,33.762,35.083,36.428,38.911,41.741,46.731,52.163,57.434,62.112,66.13,69.484,72.197,74.349,76.335,78.213
163,Andorra,,20,38.8,48.568,58.45,70.445,80.155,87.252,92.064,95.159,94.712,93.661,92.395,90.285,88.819,88.345,87.916,87.732,87.812,88.153,88.735,89.497,90.239
164,Bosnia and Herzegovina,,70,13.665,16.173,19.04,22.817,27.201,31.288,35.543,37.589,39.249,40.817,42.384,43.965,45.558,47.173,49.02,51.159,53.57,56.218,59.037,61.864,64.614
165,Croatia,,191,22.295,26.032,30.154,34.977,40.196,43.864,47.285,49.287,51.037,52.279,53.428,54.315,55.155,56.155,57.553,59.329,61.454,63.874,66.442,68.929,71.31
166,Gibraltar,,292,100,100,100,100,100,100,100,100,100,100,100,100,100,100,100,100,100,100,100,100,100
167,Greece,,300,52.151,54.08,55.936,59.969,64.22,66.94,69.343,70.518,71.467,72.119,72.716,74.452,76.292,78.046,79.715,81.292,82.772,84.147,85.413,86.594,87.693
168,Holy See,18,336,100,100,100,100,100,100,100,100,100,100,100,100,100,100,100,100,100,100,100,100,100
169,Italy,,380,54.104,56.855,59.361,61.843,64.272,65.643,66.64,66.826,66.726,66.922,67.222,67.738,68.327,69.565,71.039,72.614,74.274,75.992,77.735,79.455,81.082
170,Malta,,470,88.858,89.837,90.129,89.825,89.699,89.742,89.785,89.828,90.381,90.946,92.368,93.645,94.072,94.414,94.744,95.072,95.394,95.711,96.019,96.314,96.589
171,Montenegro,,499,12.723,15.515,18.788,22.566,26.853,31.622,36.813,42.325,48.037,53.365,58.544,62.465,64.14,65.806,67.488,69.179,70.869,72.546,74.19,75.77,77.283
172,Portugal,,620,31.195,32.96,34.955,36.866,38.804,40.779,42.785,45.298,47.915,51.109,54.399,57.522,60.567,63.514,66.31,68.933,71.366,73.588,75.605,77.511,79.309
173,San Marino,,674,43.2,46.037,48.9,54.402,59.8,71.484,81.231,88.291,90.4,91.664,93.44,94.453,95.74,96.739,97.499,98.021,98.377,98.618,98.779,98.882,98.967
174,Serbia,19,688,20.306,24.42,29.064,34.202,39.744,43.128,46.146,48.341,50.393,51.651,52.769,53.883,54.993,55.696,56.446,57.646,59.279,61.315,63.701,66.276,68.772
175,Slovenia,,705,19.922,23.816,28.204,32.497,37.004,42.374,48.045,49.584,50.39,50.622,50.754,51.533,52.658,53.781,55.118,56.802,58.811,61.113,63.647,66.247,68.753
176,Spain,20,724,51.92,54.224,56.567,61.278,66.038,69.57,72.789,74.213,75.351,75.856,76.262,77.263,78.442,79.602,80.81,82.053,83.313,84.57,85.796,86.944,88.013
177,TFYR Macedonia,21,807,23.431,28.429,34.02,40.355,47.079,50.569,53.469,55.696,57.789,59.587,58.548,57.532,57.089,57.408,58.482,60.285,62.749,65.404,67.967,70.426,72.771
178,Western Europe,,926,64.5687787190889,66.4865226657183,68.591283465009,70.5548294542275,72.0632617379084,72.9234946633122,73.3534592844818,73.5441611469849,73.9647625954156,74.8940937144323,75.9677135831252,77.3160655242014,78.5477759592681,79.3827701053592,80.2047927200039,81.1535040812605,82.2253981359319,83.4002888266885,84.6400552681172,85.8742282543809,87.029758584277
179,Austria,,40,63.596,64.16,64.72,65.011,65.258,65.341,65.391,64.305,62.96,61.596,60.213,58.813,57.399,57.715,58.748,60.122,61.831,63.846,66.118,68.542,70.898
180,Belgium,,56,91.466,91.977,92.46,93.137,93.843,94.48,95.381,95.93,96.377,96.777,97.129,97.403,97.651,97.876,98.079,98.258,98.416,98.555,98.678,98.787,98.887
181,France,,250,55.232,58.164,61.88,67.071,71.055,72.926,73.282,73.65,74.056,74.912,75.871,77.13,78.369,79.655,80.975,82.312,83.643,84.938,86.153,87.285,88.337
182,Germany,,276,67.944,69.691,71.384,71.955,72.274,72.56,72.844,72.711,73.118,73.922,74.965,75.98,76.966,77.2,77.453,78.037,78.931,80.1,81.497,82.963,84.335
183,Liechtenstein,,438,19.881,20.356,20.437,19.471,18.453,18.324,18.274,17.619,16.928,16.482,15.13,14.739,14.464,14.303,14.416,14.808,15.499,16.519,17.836,19.248,20.743
184,Luxembourg,,442,67.242,68.41,69.556,71.958,74.374,77.297,80.042,80.669,80.947,82.893,84.216,86.598,88.547,90.179,91.453,92.445,93.211,93.794,94.252,94.674,95.066
185,Monaco,,492,100,100,100,100,100,100,100,100,100,100,100,100,100,100,100,100,100,100,100,100,100
186,Netherlands,,528,56.136,57.98,59.752,60.753,61.663,63.183,64.745,66.719,68.684,72.809,76.795,82.63,87.134,90.173,92.236,93.708,94.751,95.484,95.989,96.332,96.634
187,Switzerland,,756,67.381,69.143,70.924,72.417,73.843,74.208,74.477,74.227,73.926,73.654,73.383,73.478,73.607,73.718,73.915,74.466,75.367,76.587,78.083,79.754,81.359
188,LATIN AMERICA AND THE CARIBBEAN,,904,41.2976934275322,45.3207200554226,49.4376632174811,53.4805880664695,57.2957917581137,60.9909487263998,64.5543224817221,67.7881804960263,70.7174319104069,73.2048446148546,75.516449070349,77.1384674086314,78.5831499226532,79.9189229377511,81.1811613482191,82.3985650177344,83.5760910442536,84.7157620329995,85.8122411544646,86.8579620759509,87.8474279278301
189,Caribbean,,915,36.2959499512494,38.275140859978,40.4346035799666,43.5067836263441,46.5670253748431,50.0862685209783,53.2661620276046,56.7453915072752,59.5900275238035,61.0758620932017,62.7516372909833,65.3957930281318,67.7777766859659,70.0061979314476,72.1830217373379,74.2535133172971,76.2031929765487,78.013150297094,79.6576472419708,81.1298964951667,82.5222992455569
190,Anguilla,,660,100,100,100,100,100,100,100,100,100,100,100,100,100,100,100,100,100,100,100,100,100
191,Antigua and Barbuda,,28,30.065,34.889,39.656,36.61,33.819,34.217,34.618,35.021,35.426,33.961,32.127,29.218,26.238,25,24.433,24.363,24.787,25.722,27.201,29.056,30.984
192,Aruba,,533,50.928,50.852,50.776,50.7,50.624,50.548,50.472,50.395,50.319,48.767,46.717,44.875,43.059,43.108,43.697,44.711,46.152,48.021,50.211,52.416,54.613
193,Bahamas,,44,52.086,55.933,59.712,63.343,66.764,70.017,73.102,76.674,79.838,80.961,82.007,82.218,82.427,82.746,83.245,83.91,84.722,85.661,86.64,87.562,88.429
194,Barbados,,52,36.053,36.414,36.777,37.141,37.55,38.855,40.102,38.736,37.37,35.566,33.827,32.841,31.87,31.249,31.191,31.694,32.772,34.45,36.524,38.649,40.818
195,British Virgin Islands,,92,11.228,11.687,12.228,14.287,16.635,19.47,22.741,29.728,37.814,40.413,41.774,43.21,44.814,46.583,48.515,50.599,52.787,54.971,57.135,59.272,61.375
196,Caribbean Netherlands,22,535,70.831,72.596,74.294,75.921,77.476,78.358,78.96,78.398,77.665,76.443,74.947,74.755,74.738,74.759,75.048,75.637,76.51,77.643,78.992,80.341,81.624
197,Cayman Islands,,136,100,100,100,100,100,100,100,100,100,100,100,100,100,100,100,100,100,100,100,100,100
198,Cuba,,192,56.511,57.458,58.401,59.337,60.266,64.224,68.106,70.933,73.364,74.277,75.323,76.134,76.597,76.896,77.194,77.803,78.702,79.859,81.23,82.704,84.093
199,Curaçao,,531,70.566,72.687,74.71,76.631,78.448,80.161,81.769,83.274,84.678,87.68,90.752,90.534,89.905,89.352,89.062,89.055,89.33,89.87,90.577,91.249,91.878
200,Dominica,,212,34.697,36.286,37.846,38.18,38.683,42.671,46.759,54.71,63.079,64.831,65.265,66.601,68.094,69.579,71.09,72.619,74.155,75.688,77.193,78.633,80.006
201,Dominican Republic,,214,23.741,26.843,30.191,35.052,40.274,45.729,51.29,53.868,55.226,57.598,61.753,67.37,73.753,78.566,82.54,85.543,87.765,89.383,90.53,91.331,92.04
202,Grenada,,308,28.495,29.405,30.332,31.274,32.212,32.561,32.912,33.177,33.427,34.47,35.698,35.895,35.865,35.997,36.537,37.491,38.871,40.688,42.848,45.052,47.276
203,Guadeloupe,23,312,35.8,47.476,59.438,70.37,79.38,86.188,91.004,94.252,96.374,97.731,98.4,98.4,98.41,98.443,98.499,98.574,98.666,98.766,98.86,98.947,99.027
204,Haiti,,332,12.169,13.792,15.593,17.58,19.762,20.404,20.541,23.261,28.51,32.59,35.6,42.638,47.509,52.427,57.088,61.266,64.923,68.041,70.618,72.825,74.925
205,Jamaica,,388,24.116,28.736,33.769,37.499,41.324,44.013,46.739,48.424,49.444,50.615,51.814,52.811,53.743,54.833,56.311,58.16,60.349,62.827,65.448,67.99,70.429
206,Martinique,,474,32.89,33.63,40.089,49.953,61.018,71.199,79.612,83.82,86.283,88.423,89.713,89.342,89.05,88.981,89.14,89.517,90.092,90.787,91.445,92.06,92.635
207,Montserrat,,500,15.8,15.8,15.82,13.405,11.424,11.959,12.5,12.5,12.5,12.5,2.087,9.341,9.152,9.041,9.115,9.381,9.851,10.553,11.469,12.464,13.532
208,Puerto Rico,,630,40.592,42.432,44.547,51.524,58.328,62.77,67.835,84.317,92.942,93.729,94.387,94.112,93.825,93.624,93.581,93.701,93.974,94.381,94.842,95.266,95.657
209,Saint Kitts and Nevis,,659,26.518,27.018,27.644,30.855,34.141,35.027,35.882,35.243,34.609,33.715,32.778,32.028,31.322,30.827,30.843,31.368,32.416,34.011,36.051,38.165,40.325
210,Saint Lucia,,662,19.199,20.306,21.46,22.66,23.907,25.2,26.54,27.923,29.349,28.765,27.774,23.085,18.45,18.515,18.841,19.451,20.364,21.609,23.181,24.871,26.642
211,Saint Vincent and the Grenadines,,670,21.705,23.759,25.943,28.252,30.683,33.225,35.87,38.602,41.409,43.38,45.186,47.032,48.961,50.964,53.032,55.152,57.293,59.41,61.493,63.534,65.527
212,Sint Maarten (Dutch part),,534,100,100,100,100,100,100,100,100,100,100,100,100,100,100,100,100,100,100,100,100,100
213,Trinidad and Tobago,,780,26.26,30.059,34.155,38.498,43.035,47.691,52.284,53.205,54.124,55.04,55.905,54.967,54.025,53.319,53.214,53.709,54.8,56.477,58.577,60.668,62.721
214,Turks and Caicos Islands,,796,47.2,47.405,47.679,49.392,51.106,53.063,55.259,65.439,74.343,79.928,84.55,87.745,90.228,92.195,93.605,94.606,95.311,95.795,96.122,96.411,96.679
215,United States Virgin Islands,,850,58.344,57.212,56.477,63.279,69.592,75.245,80.147,84.28,87.685,90.437,92.586,93.664,94.594,95.35,95.939,96.397,96.752,97.025,97.248,97.455,97.646
216,Central America,,916,39.2232614034583,42.7542604205023,46.3602473481738,50.0832645312661,53.7295329948295,57.1210959669945,60.2924787153004,62.6978178968761,65.0345128679996,67.1209080698058,68.6999744463866,70.3480635430605,72.0651537235204,73.7418383418172,75.3650983140171,76.9450488835312,78.4818708266028,79.9742278675793,81.4039429664453,82.7622956900208,84.0494257389799
217,Belize,,84,55.288,54.681,54.028,52.481,50.963,50.171,49.374,48.419,47.465,46.425,45.398,45.313,45.228,45.406,46.025,47.085,48.588,50.529,52.725,54.911,57.077
218,Costa Rica,,188,33.508,33.88,34.254,35.791,38.827,41.349,43.099,45.445,50.003,54.561,59.052,65.672,71.736,76.862,80.771,83.679,85.788,87.259,88.302,89.255,90.14
219,El Salvador,,222,36.509,37.427,38.354,38.931,39.439,41.551,44.099,46.677,49.274,53.988,58.912,61.648,65.452,69.7,73.444,76.576,79.153,81.235,82.88,84.243,85.517
220,Guatemala,,320,25.064,27.992,31.121,33.989,35.545,37.125,38.724,40.347,41.992,43.654,45.332,46.913,48.403,49.971,51.836,53.996,56.423,59.073,61.846,64.566,67.195
221,Honduras,,340,17.578,20.038,22.747,25.704,28.902,32.11,34.87,37.735,40.46,42.941,45.458,48.585,51.885,55.165,58.359,61.417,64.307,66.998,69.451,71.737,73.916
222,Mexico,,484,42.655,46.68,50.753,54.931,59.021,62.759,66.339,68.95,71.419,73.368,74.722,76.308,77.815,79.285,80.731,82.14,83.501,84.799,86.018,87.153,88.209
223,Nicaragua,,558,35.196,37.363,39.581,42.707,47.03,48.898,50.292,51.684,53.075,54.437,55.185,55.935,56.917,57.895,59.012,60.475,62.263,64.341,66.658,69.079,71.411
224,Panama,,591,35.763,38.469,41.249,44.431,47.64,49.038,50.447,52.143,53.903,58.141,62.198,63.682,65.14,66.696,68.414,70.268,72.223,74.234,76.209,78.079,79.84
225,South America,,931,42.7421322829038,47.2059818088868,51.7568557294221,56.033293819857,59.9970526147471,63.8411315641642,67.5768800334975,71.054837944303,74.1960539828793,76.9548630943414,79.6115985654569,81.0960621404221,82.3712439189087,83.5105853728425,84.5620188203992,85.5716842922378,86.5464265742648,87.490508261047,88.4071378143437,89.2896124624312,90.1202534390017
226,Argentina,,32,65.339,69.633,73.611,76.369,78.88,80.969,82.887,85.038,86.984,88.164,89.142,90.031,90.849,91.503,92.111,92.693,93.249,93.777,94.276,94.744,95.176
227,Bolivia (Plurinational State of),,68,33.848,35.291,36.762,38.257,39.776,41.314,45.451,50.519,55.577,59.15,61.787,64.17,66.43,68.393,70.123,71.905,73.721,75.548,77.357,79.107,80.76
228,Brazil,,76,36.16,41.057,46.139,51.037,55.909,60.789,65.468,69.862,73.922,77.61,81.192,82.834,84.335,85.77,87.073,88.238,89.278,90.201,91.017,91.748,92.426
229,Chile,,152,58.421,63.254,67.836,71.696,75.227,78.386,81.243,82.624,83.271,84.545,86.073,86.783,87.074,87.36,87.727,88.226,88.839,89.547,90.327,91.113,91.842
230,Colombia,,170,32.601,39.223,46.268,52.82,56.635,60.306,63.738,67.034,69.481,71.777,73.957,76.024,77.964,79.764,81.425,82.945,84.323,85.577,86.748,87.836,88.847
231,Ecuador,,218,28.28,31.009,33.878,36.64,39.278,42.363,46.961,51.215,55.09,57.766,60.299,61.711,62.69,63.398,64.166,65.28,66.732,68.49,70.505,72.675,74.772
232,Falkland Islands (Malvinas),24,238,51.053,50.774,50.495,51.847,54.041,56.33,58.696,64.012,74.15,65.987,67.606,70.828,73.666,76.268,78.508,80.414,82.023,83.369,84.499,85.548,86.537
233,French Guiana,,254,53.656,58.573,63.327,65.745,67.433,69.121,70.759,72.651,74.641,76.952,79.111,81.116,82.924,84.482,85.82,86.964,87.937,88.781,89.569,90.308,91
234,Guyana,,328,28.023,28.521,29.009,29.209,29.425,29.967,30.488,30.033,29.583,29.137,28.694,27.822,26.634,26.441,26.786,27.484,28.552,30.01,31.87,33.881,35.952
235,Paraguay,,600,34.568,35.067,35.569,36.243,37.065,38.981,41.688,44.983,48.694,52.131,55.331,57.633,59.261,60.75,62.183,63.838,65.702,67.741,69.91,72.129,74.262
236,Peru,,604,41,43.884,46.811,51.868,57.406,61.461,64.574,66.864,68.901,70.951,73.042,75.034,76.43,77.357,78.297,79.362,80.537,81.797,83.114,84.443,85.697
237,Suriname,,740,46.888,47.074,47.26,47.109,45.948,53.749,64.96,65.334,65.706,66.076,66.444,66.682,66.344,66.056,66.149,66.672,67.615,68.957,70.647,72.373,74.034
238,Uruguay,,858,77.926,79.107,80.241,81.328,82.368,83.387,85.394,87.194,88.973,90.542,92.028,93.319,94.414,95.045,95.515,95.931,96.298,96.623,96.911,97.165,97.399
239,Venezuela (Bolivarian Republic of),,862,47.313,54.556,61.613,67.022,71.852,75.786,79.185,81.925,84.284,86.014,87.559,87.954,88.083,88.154,88.279,88.578,89.04,89.645,90.368,91.145,91.87
240,NORTHERN AMERICA,,905,63.9042654415266,67.0467144260968,69.9190334067755,71.9751701562411,73.7990014791859,73.8460513315263,73.9304085913693,74.6814313674883,75.4335551168587,77.3044296112103,79.1035271246409,79.9522346526764,80.7931937874978,81.6330141502722,82.5556315087666,83.5707454517516,84.6574281465375,85.7905420717837,86.9150039242825,87.9771315912252,88.96481565097
241,Bermuda,,60,100,100,100,100,100,100,100,100,100,100,100,100,100,100,100,100,100,100,100,100,100
242,Canada,,124,60.946,65.705,69.061,72.892,75.654,75.611,75.663,76.354,76.582,77.675,79.478,80.122,80.937,81.259,81.562,82.108,82.878,83.843,84.968,86.164,87.286
243,Greenland,,304,49,53.801,58.534,66.05,72.744,74.389,76.121,77.961,79.698,80.902,81.6,82.858,84.383,86.071,87.282,88.353,89.298,90.131,90.864,91.518,92.127
244,Saint Pierre and Miquelon,,666,80,83.473,86.445,87.786,88.37,88.929,89.465,89.339,88.902,88.93,89.147,89.866,89.902,89.889,89.962,90.177,90.526,90.994,91.564,92.17,92.736
245,United States of America,,840,64.153,67.163,69.996,71.879,73.602,73.653,73.738,74.494,75.3,77.257,79.057,79.928,80.772,81.671,82.664,83.734,84.858,86.011,87.136,88.184,89.156
246,OCEANIA,,909,62.5109663548754,64.747639315263,66.8870342688357,68.5494808474738,70.1614471300739,70.9155104267918,70.9254543390178,70.4747250805946,70.3362001777444,69.4590676667039,68.2988369109105,67.9774391030265,68.0782248594167,68.1223064119093,68.2317076465249,68.4625196407565,68.8528203150192,69.4154915632978,70.1786167742613,71.0769628399379,72.0573941962788
247,Australia/New Zealand,,927,76.1553946311389,78.2785401177849,80.4929451605992,82.2837066415782,83.4780829732205,84.4239737649152,85.1767387159607,85.253348544856,85.3180220770433,85.0089917196737,84.5355883898144,84.8802207640536,85.3433048978325,85.8051224448943,86.3144836680752,86.9370005860259,87.6561524367265,88.4528281319075,89.3052196232407,90.1680964779004,90.9717575846884
248,Australia,25,36,77.003,79.357,81.529,83.068,83.999,84.792,85.552,85.582,85.433,84.898,84.235,84.582,85.182,85.701,86.241,86.887,87.623,88.43,89.288,90.153,90.958
249,New Zealand,,554,72.523,73.627,75.998,78.891,81.106,82.774,83.428,83.673,84.742,85.553,86.021,86.341,86.16,86.341,86.699,87.203,87.835,88.576,89.401,90.256,91.052
250,Melanesia,,928,5.65089085316856,7.00289886192828,8.79394853143241,11.0744814608192,14.924842267906,16.9655408562238,17.9607326469592,18.8129185724971,19.7736204988123,19.4670103128288,18.9261227569465,18.8687609702568,18.9918282913727,19.1568535660893,19.5977278389958,20.317144897702,21.3663818575161,22.8121289623371,24.6917702404035,26.8041561146482,29.1136778288209
251,Fiji,,242,24.352,26.933,29.681,32.582,34.758,36.721,37.769,38.523,41.611,45.496,47.908,49.871,52.171,54.726,57.247,59.666,61.965,64.135,66.172,68.072,69.894
252,New Caledonia,,540,24.589,30.602,37.36,44.646,51.232,55.165,57.426,58.834,59.577,60.288,61.919,63.965,67.102,69.379,71.518,73.486,75.289,76.934,78.426,79.802,81.111
253,Papua New Guinea,,598,1.7,2.521,3.725,5.47,9.796,11.93,13.047,13.998,14.994,14.081,13.204,13.109,13.019,13.012,13.345,14.054,15.185,16.806,18.95,21.355,23.974
254,Solomon Islands,,90,3.8,4.679,5.768,7.245,8.917,9.125,10.576,12.433,13.677,14.664,15.813,17.832,20.048,22.36,24.67,26.935,29.116,31.171,33.16,35.21,37.316
255,Vanuatu,,548,8.752,9.546,10.404,11.329,12.325,13.395,14.74,16.722,18.715,20.164,21.673,23.099,24.462,24.961,25.525,26.329,27.397,28.746,30.394,32.324,34.35
256,Micronesia,,954,30.6960250169251,33.6005336204274,36.7997323351666,40.6993352744053,45.5521323956384,56.3083355416188,60.5054444129717,61.4172209644078,62.2474014284885,63.6051074217491,65.6089238634172,65.8926447362663,66.6313491937279,67.9351438838525,69.2167691844341,70.3831505854428,71.4699286442406,72.5593382233676,73.6054361201823,74.5715407767759,75.5050070179021
257,Guam,,316,41.3,45.665,50.147,55.548,61.92,83.632,93.753,92.339,90.796,92.055,93.129,93.631,94.099,94.534,94.938,95.313,95.66,95.983,96.281,96.559,96.816
258,Kiribati,,296,11,13.426,16.29,19.625,24.088,29.606,32.284,33.541,34.987,36.409,42.958,43.551,47.39,51.619,55.594,59.115,62.169,64.761,66.905,68.764,70.565
259,Marshall Islands,,584,23.337,29.081,35.584,42.663,53.492,60.632,58.298,61.945,65.054,66.727,68.58,71.138,73.568,75.811,77.794,79.539,81.065,82.392,83.563,84.666,85.708
260,Micronesia (Fed. States of),,583,20,21.133,22.312,23.537,24.808,25.858,26.445,26.149,25.818,25.068,22.33,22.33,22.298,22.456,22.933,23.744,24.911,26.463,28.29,30.191,32.163
261,Nauru,,520,100,100,100,100,100,100,100,100,100,100,100,100,100,100,100,100,100,100,100,100,100
262,Northern Mariana Islands,,580,42.002,45.835,51.219,58.759,70.062,80.554,86.784,88.381,89.731,89.557,90.152,90.558,90.949,91.357,91.798,92.266,92.754,93.255,93.746,94.203,94.629
263,Palau,,585,53.883,55.357,56.823,58.276,59.715,61.138,62.542,67.38,69.593,71.431,70.338,71.152,74.817,78.159,80.988,83.252,85.043,86.439,87.504,88.371,89.186
264,Polynesia,,957,23.0356323786462,26.3331655248393,28.6174928155088,31.1108891441509,34.2827081471934,36.4325703192018,37.7280293293441,39.3332709274297,40.8210992953048,41.602806790199,42.68638064754,43.5367581792983,44.3055625097675,44.5348113844613,44.4353020530452,44.5390758596356,45.0384591020774,45.7130014608383,46.661736365511,47.9248211676601,49.2887402123318
265,American Samoa,,16,61.769,64.02,66.211,68.334,70.384,72.354,74.33,77.762,80.948,85.28,88.587,88.1,87.594,87.238,87.153,87.344,87.802,88.5,89.305,90.06,90.767
266,Cook Islands,,184,38.028,42.191,46.469,50.796,53.285,54.009,53.815,55.202,57.715,58.678,65.191,71.026,73.255,74.404,75.495,76.643,77.842,79.08,80.344,81.612,82.824
267,French Polynesia,,258,33.3,37.684,42.281,48.178,55.162,58.252,59.003,58.635,57.852,56.637,56.047,57.417,60.317,61.683,61.975,62.564,63.487,64.729,66.272,68.076,69.898
268,Niue,,570,21.5,21.503,21.506,21.509,21.095,23.355,27.031,31.048,30.895,31.452,33.069,35.212,38.68,42.568,46.202,49.51,52.452,55.002,57.192,59.309,61.392
269,Samoa,,882,12.886,17.406,18.926,19.301,20.353,20.992,21.173,21.2,21.2,21.526,21.977,21.218,20.078,18.914,17.889,17.352,17.288,17.695,18.597,19.986,21.516
270,Tokelau,,772,0,0,0,0,0,0,0,0,0,0,0,0,0,0,0,0,0,0,0,0,0
271,Tonga,,776,12.885,15.483,17.552,19.499,20.187,20.337,21.154,22.268,22.704,22.864,23.012,23.155,23.389,23.275,23.099,23.275,23.824,24.764,26.122,27.884,29.768
272,Tuvalu,,798,11.193,13.37,15.895,18.793,22.081,25.761,29.822,34.251,40.661,43.97,46.018,49.699,54.796,59.73,64.014,67.587,70.488,72.773,74.515,76.079,77.575
273,Wallis and Futuna Islands,,876,0,0,0,0,0,0,0,0,0,0,0,0,0,0,0,0,0,0,0,0,0
